TextIdKey;en-US;de-DE
DescriptionFunction;Functional description;Funktionsbeschreibung
DescriptionShort;Short description;Kurzbeschreibung
Block; ; 
BlockInterface;Block Interface;Baustein Schnittstelle
BlockIn;Input parameter;Input Parameter
BlockOut;Output parameter;Output Parameter
BlockInOut;In/Out parameter;In/Out Parameter
BlockStatus;Status & Error codes;Status & Error Meldungen
BlockStatusCode;Code / Value;Code / Wert
BlockStatusDescription;Identifier / Description;Bezeichner / Beschreibung
TagTableExtension;(TagTable / global constants);(Variablen Tabelle / Globale Konstanten)
TagTableConstants;Constant identifier, values and description;Konstanten Bezeichner, Werte und Beschreibung
UDTParameter;Parameter description;Parameterbeschreibung
UdtReferncesInBlock;User defined datatype(s);Benutzer definierte Datentypen
Parameter;Identifier;Bezeichner
DataType;Data type;Datentyp
DefaultValue;Default value;Default Wert
Value;Value;Wert
Description;Description;Beschreibung
ChangeLog;Change log;Änderungshistorie
ChangeLogVersionDate;Version & Date;Version & Datum
ChangeLogDescription;Change description;Änderungsbeschreibung
EntryId;Entry-ID;Beitrags Nummer
ProjectId;Project-ID;Projekt Nummer
Name;Identifier;Bezeichner
NameAndValue;Identifier & Value;Bezeichner & Wert
Date;Date;Datum
Version;Version;Version
Appendix;Appendix;Anhang
FolderProgramm;Program blocks;Programm Bausteine
FolderTags;PLC tags & constants;PLC Variablen und Konstanten
FolderUDT;PLC data types;PLC Datentypen
ReturnValCommentIfVoid;Void - Function has no return value;Void - Funktion hat keinen Rückgabewert
Author;Author;Autor
